measurement_id,sample_id,source_id,measurement_mode,experiment_type,temperature_raw,temperature_c,pressure_raw,pressure_bar,pressure_relation,duration_raw,duration_seconds,hydrogen_capacity_wt_pct,capacity_lower_wt_pct,capacity_upper_wt_pct,capacity_basis,value_qualifier,reported_uncertainty_wt_pct,cycle_number,source_pdf_page,source_locator,extraction_type,extraction_note,include_in_default_training
M-0001,S-F01-CTRL,SRC-0001,desorption,isothermal_kinetics,300 C,300,,,,30 min,1800,3.1,,,sample mass,reported,,,6,Section 3.2; Fig. 3d,author_reported_text,,true
M-0002,S-F01-NIC10,SRC-0001,desorption,isothermal_kinetics,300 C,300,,,,7.5 min,450,5.4,,,sample mass,reported,,,6,Section 3.2; Fig. 3d,author_reported_text,,true
M-0003,S-F01-NIC10,SRC-0001,absorption,isothermal_kinetics,75 C,75,2 MPa,20,=,200 min,12000,4.6,,,sample mass,reported,,,6,Section 3.2; Fig. S4,author_reported_text,,true
M-0004,S-F01-CTRL,SRC-0001,absorption,isothermal_kinetics,75 C,75,2 MPa,20,=,200 min,12000,1.7,,,sample mass,reported,,,6,Section 3.2; Fig. S4,author_reported_text,,true
M-0005,S-F02-NZC5,SRC-0002,absorption,isothermal_kinetics,80 C,80,5 MPa,50,=,60 min,3600,2.34,,,sample mass,reported,,,7,Section 3.2; Fig. 5c,author_reported_text,,true
M-0006,S-F02-NZC5,SRC-0002,absorption,isothermal_kinetics,150 C,150,5 MPa,50,=,60 s,60,5.76,,,sample mass,reported,,,2,Introduction summary of this work,author_reported_text,,true
M-0007,S-F02-NZC5,SRC-0002,desorption,isothermal_kinetics,300 C,300,0 MPa,0,=,30 min,1800,4.31,,,sample mass,reported,,,7,Section 3.2; Fig. 5d,author_reported_text,,true
M-0008,S-F02-NZC5,SRC-0002,desorption,isothermal_kinetics,300 C,300,0 MPa,0,=,60 min,3600,5.36,,,sample mass,reported,,,7,Section 3.2; Fig. 5d,author_reported_text,,true
M-0009,S-F02-NZC2P5,SRC-0002,desorption,isothermal_kinetics,300 C,300,0 MPa,0,=,60 min,3600,4.25,,,sample mass,reported,,,7,Section 3.2; Fig. 5b,author_reported_text,,true
M-0010,S-F02-NZC7P5,SRC-0002,desorption,isothermal_kinetics,300 C,300,0 MPa,0,=,60 min,3600,4.31,,,sample mass,reported,,,7,Section 3.2; Fig. 5f,author_reported_text,,true
M-0011,S-F03-CTRL,SRC-0003,desorption,isothermal_kinetics,300 C,300,0.0001 MPa,0.001,=,50 min,3000,1.4,,,sample mass,reported,,,3,Section 3.2; Fig. 3a,author_reported_text,,true
M-0012,S-F03-MMO41,SRC-0003,desorption,isothermal_kinetics,300 C,300,0.0001 MPa,0.001,=,5 min,300,5.97,,,sample mass,reported,,,5,Section 3.2; Fig. 3c,author_reported_text,,true
M-0013,S-F03-MMO41,SRC-0003,desorption,isothermal_kinetics,250 C,250,0.0001 MPa,0.001,=,20 min,1200,4.46,,,sample mass,reported,,,5,Section 3.2; Fig. 3c,author_reported_text,,true
M-0014,S-F04-NICU11,SRC-0004,desorption,isothermal_kinetics,300 C,300,0.005 MPa,0.05,=,600 s,600,5.3,,,sample mass,reported,,,4,Section 3.2; Fig. 3a,author_reported_text,,true
M-0015,S-F04-NICU11,SRC-0004,desorption,isothermal_kinetics,275 C,275,0.005 MPa,0.05,=,1200 s,1200,5,,,sample mass,approximately,,,4,Section 3.2; Fig. 3b,author_reported_text,,true
M-0016,S-F04-NICU11,SRC-0004,desorption,isothermal_kinetics,260 C,260,0.005 MPa,0.05,=,2800 s,2800,5,,,sample mass,approximately,,,4,Section 3.2; Fig. 3b,author_reported_text,,true
M-0017,S-F04-NICU11,SRC-0004,desorption,isothermal_kinetics,250 C,250,0.005 MPa,0.05,=,5000 s,5000,5,,,sample mass,approximately,,,4,Section 3.2; Fig. 3b,author_reported_text,,true
M-0018,S-F04-NICU11,SRC-0004,absorption,isothermal_kinetics,150 C,150,3 MPa,30,=,30 min,1800,5,,,sample mass,reported,,,5,Section 3.2; Fig. 4a,author_reported_text,,true
M-0019,S-F04-NICU11,SRC-0004,absorption,isothermal_kinetics,125 C,125,3 MPa,30,=,30 min,1800,4.3,,,sample mass,reported,,,5,Section 3.2; Fig. 4a,author_reported_text,,true
M-0020,S-F04-NICU11,SRC-0004,absorption,isothermal_kinetics,115 C,115,3 MPa,30,=,30 min,1800,2.9,,,sample mass,reported,,,5,Section 3.2; Fig. 4a,author_reported_text,,true
M-0021,S-F04-NICU11,SRC-0004,absorption,isothermal_kinetics,100 C,100,3 MPa,30,=,30 min,1800,2,,,sample mass,reported,,,5,Section 3.2; Fig. 4a,author_reported_text,,true
M-0022,S-F05-NIVN7,SRC-0005,desorption,isothermal_kinetics,598 K,324.85,,,,180 s,180,6.4,,,sample mass,reported,,,7,Section 3.2; Fig. 4c,author_reported_text,,true
M-0023,S-F05-NIVN7,SRC-0005,desorption,isothermal_kinetics,598 K,324.85,,,,10 min,600,6.85,,,sample mass,approximately,,,6,Section 3.2; Fig. 4c,author_reported_text,,true
M-0024,S-F05-NIVN7,SRC-0005,desorption,isothermal_kinetics,513 K,239.85,,,,1 h,3600,5.6,,,sample mass,reported,,,7,Section 3.2; Fig. 4c,author_reported_text,,true
M-0025,S-F05-NIVN7,SRC-0005,absorption,isothermal_kinetics,423 K,149.85,3 MPa,30,=,5 min,300,6,,,sample mass,approximately,,,7,Section 3.2; Fig. 4f,author_reported_text,,true
M-0026,S-F05-VN7,SRC-0005,desorption,isothermal_kinetics,598 K,324.85,,,,180 s,180,5.8,,,sample mass,reported,,,7,Section 3.2; Fig. 4d,author_reported_text,,true
M-0027,S-F05-CTRL,SRC-0005,desorption,isothermal_kinetics,598 K,324.85,,,,180 s,180,0.2,,,sample mass,reported,,,7,Section 3.2; Fig. 4e,author_reported_text,,true
M-0028,S-F05-CTRL,SRC-0005,desorption,isothermal_kinetics,598 K,324.85,,,,1 h,3600,6.67,,,sample mass,approximately,,,7,Section 3.2; Fig. 4e,author_reported_text,,true
M-0029,S-F05-CTRL,SRC-0005,desorption,isothermal_kinetics,648 K,374.85,,,,180 s,180,3.6,,,sample mass,reported,,,7,Section 3.2; Fig. 4e,author_reported_text,,true
M-0030,S-F05-CTRL,SRC-0005,absorption,isothermal_kinetics,423 K,149.85,3 MPa,30,=,1 h,3600,0.6,,,sample mass,reported,,,7,Section 3.2; Fig. 4f,author_reported_text,,true
M-0031,S-F05-CTRL,SRC-0005,absorption,isothermal_kinetics,473 K,199.85,3 MPa,30,=,1 h,3600,5.6,,,sample mass,reported,,,7,Section 3.2; Fig. 4f,author_reported_text,,true
M-0032,S-F06-LVO15,SRC-0006,desorption,isothermal_kinetics,250 C,250,static vacuum,,,3 min,180,5.7,,,sample mass,reported,,,7,Section 3.2; Fig. 5a,author_reported_text,Capacity reached a stable value after the stated hold time.,true
M-0033,S-F06-LVO15,SRC-0006,desorption,isothermal_kinetics,210 C,210,static vacuum,,,20 min,1200,3,,,sample mass,approximately,,,7,Section 3.2; Fig. 5a,author_reported_text,,true
M-0034,S-F06-LVO15,SRC-0006,desorption,isothermal_kinetics,230 C,230,static vacuum,,,20 min,1200,5.2,,,sample mass,approximately,,,7,Section 3.2; Fig. 5a,author_reported_text,,true
M-0035,S-F06-LVO15,SRC-0006,absorption,isothermal_kinetics,50 C,50,5 MPa,50,=,30 min,1800,3.2,,,sample mass,approximately,,,8,Section 3.2; Fig. 5b,author_reported_text,,true
M-0036,S-F06-LVO15,SRC-0006,absorption,isothermal_kinetics,100 C,100,5 MPa,50,=,20 min,1200,4.9,,,sample mass,reported,,,8,Section 3.2; Fig. 5b,author_reported_text,,true
M-0037,S-F06-LVO15,SRC-0006,absorption,isothermal_kinetics,150 C,150,5 MPa,50,=,3 min,180,5.7,,,sample mass,reported,,,8,Section 3.2; Fig. 5b,author_reported_text,,true
M-0038,S-F06-CTRL,SRC-0006,absorption,isothermal_kinetics,150 C,150,5 MPa,50,=,20 min,1200,1.1,,,sample mass,reported,,,8,Section 3.2; Fig. 5b,author_reported_text,,true
M-0039,S-F07-VOC6,SRC-0007,desorption,isothermal_kinetics,300 C,300,,,,3 min,180,6.2,,,sample mass,reported,,,2,Results; Fig. 2c,author_reported_text,,true
M-0040,S-F07-VOC6,SRC-0007,desorption,isothermal_kinetics,250 C,250,,,,10 min,600,5.8,,,sample mass,reported,,,2,Results; Fig. 2c,author_reported_text,,true
M-0041,S-F07-VOC6,SRC-0007,desorption,isothermal_kinetics,225 C,225,,,,50 min,3000,4.96,,,sample mass,reported,,,3,Results; Fig. 2c,author_reported_text,,true
M-0042,S-F07-VOC6,SRC-0007,desorption,isothermal_kinetics,200 C,200,,,,120 min,7200,3.59,,,sample mass,reported,,,3,Results; Fig. 2c,author_reported_text,,true
M-0043,S-F07-VOC6,SRC-0007,desorption,isothermal_kinetics,180 C,180,,,,7.5 h,27000,1.48,,,sample mass,reported,,,3,Results; Fig. 2c,author_reported_text,,true
M-0044,S-F07-VOC6,SRC-0007,absorption,isothermal_kinetics,150 C,150,,,,40.5 min,2430,6.03,,,sample mass,reported,,,3,Results; Fig. 2d,author_reported_text,,true
M-0045,S-F07-VOC6,SRC-0007,absorption,isothermal_kinetics,125 C,125,,,,30 min,1800,5.17,,,sample mass,reported,,,3,Results; Fig. 2d,author_reported_text,,true
M-0046,S-F07-VOC6,SRC-0007,absorption,isothermal_kinetics,100 C,100,,,,41.5 min,2490,4.84,,,sample mass,reported,,,3,Results; Fig. 2d,author_reported_text,,true
M-0047,S-F07-VOC6,SRC-0007,absorption,isothermal_kinetics,75 C,75,,,,30 min,1800,4.18,,,sample mass,reported,,,3,Results; Fig. 2d,author_reported_text,,true
M-0048,S-F07-VOC6,SRC-0007,absorption,isothermal_kinetics,50 C,50,,,,80 min,4800,3.94,,,sample mass,reported,,,3,Results; Fig. 2d,author_reported_text,,true
M-0049,S-F07-VOC6,SRC-0007,absorption,isothermal_kinetics,room temperature,,not reported,,,2.7 h,9720,3.9,,,sample mass,reported,,,3,Results; Fig. 2d,author_reported_text,Room temperature was not converted to an assumed numeric value.,false
M-0050,S-F08-NATI5,SRC-0008,absorption,isothermal_kinetics,room temperature,,50 bar,50,=,45 min,2700,4.5,,,sample mass,approximately,,,3,Section 3.1; Fig. 2a,author_reported_text,Room temperature was not converted to an assumed numeric value.,false
M-0051,S-F08-NATI5,SRC-0008,absorption,isothermal_kinetics,room temperature,,50 bar,50,=,120 min,7200,5,,,sample mass,greater_than,,,3,Section 3.1; Fig. 2a,author_reported_text,Numeric field stores the stated threshold; qualifier preserves greater-than semantics. Room temperature remains null.,false
M-0052,S-F08-NATI5,SRC-0008,absorption,isothermal_kinetics,room temperature,,10 bar,10,=,180 min,10800,4.1,,,sample mass,approximately,,,3,Section 3.1; Fig. 2a,author_reported_text,Room temperature was not converted to an assumed numeric value.,false
M-0053,S-F08-NATI5,SRC-0008,absorption,isothermal_kinetics,room temperature,,10 bar,10,=,6 h,21600,5.5,,,sample mass,approximately,,,3,Section 3.1; Fig. 2a,author_reported_text,Room temperature was not converted to an assumed numeric value.,false
M-0054,S-F08-NATI5,SRC-0008,absorption,isothermal_kinetics,room temperature,,10 bar,10,=,12 h,43200,6,,,sample mass,approximately,,,3,Section 3.1; Fig. S2,author_reported_text,Room temperature was not converted to an assumed numeric value.,false
M-0055,S-F08-NATI5,SRC-0008,absorption,isothermal_kinetics,room temperature,,30 bar,30,=,180 min,10800,5.5,,,sample mass,approximately,,,3,Section 3.1; Fig. 2a,author_reported_text,Room temperature was not converted to an assumed numeric value.,false
M-0056,S-F08-NATI5,SRC-0008,absorption,isothermal_kinetics,room temperature,,30 bar,30,=,6 h,21600,6,,,sample mass,approximately,,,3,Section 3.1; Fig. 2a,author_reported_text,Room temperature was not converted to an assumed numeric value.,false
M-0057,S-F08-NATI5,SRC-0008,absorption,isothermal_kinetics,room temperature,,30 bar,30,=,12 h,43200,6.4,,,sample mass,approximately,,,3,Section 3.1; Fig. S2,author_reported_text,Room temperature was not converted to an assumed numeric value.,false
M-0058,S-F08-NATI5,SRC-0008,absorption,isothermal_kinetics,50 C,50,30 bar,30,=,30 min,1800,4.4,,,sample mass,approximately,,,3,Section 3.1; Fig. 2b,author_reported_text,,true
M-0059,S-F08-NATI5,SRC-0008,absorption,isothermal_kinetics,100 C,100,30 bar,30,=,30 min,1800,4.5,,,sample mass,approximately,,,3,Section 3.1; Fig. 2b,author_reported_text,,true
M-0060,S-F08-NATI5,SRC-0008,desorption,isothermal_kinetics,290 C,290,0.001 bar,0.001,=,15 min,900,7.2,,,sample mass,approximately,,,3,Section 3.1; Fig. 3a,author_reported_text,,true
M-0061,S-F08-NATI5,SRC-0008,desorption,isothermal_kinetics,260 C,260,0.001 bar,0.001,=,60 min,3600,6.9,,,sample mass,approximately,,,3,Section 3.1; Fig. 3a,author_reported_text,,true
M-0062,S-F08-CTRL,SRC-0008,desorption,isothermal_kinetics,290 C,290,0.001 bar,0.001,=,120 min,7200,3.1,,,sample mass,approximately,,,3,Section 3.1; Fig. 3a,author_reported_text,,true
M-0063,S-F08-NATI5,SRC-0008,absorption,isothermal_kinetics,260 C,260,30 bar,30,=,120 s,120,6.6,,,sample mass,approximately,,,3,Section 3.1; Fig. 3b,author_reported_text,,true
M-0064,S-F08-NATI5,SRC-0008,absorption,isothermal_kinetics,230 C,230,30 bar,30,=,20 min,1200,6.9,,,sample mass,approximately,,,3,Section 3.1; Fig. 3b,author_reported_text,,true
M-0065,S-F08-CTRL,SRC-0008,absorption,isothermal_kinetics,230 C,230,30 bar,30,=,20 min,1200,6,,,sample mass,approximately,,,3,Section 3.1; Fig. 3b,author_reported_text,,true
M-0066,S-F08-CTRL,SRC-0008,absorption,isothermal_kinetics,260 C,260,30 bar,30,=,120 s,120,6.1,,,sample mass,approximately,,,3,Section 3.1; Fig. 3b,author_reported_text,,true
M-0067,S-F08-NATI5,SRC-0008,absorption,isothermal_kinetics,200 C,200,30 bar,30,=,30 min,1800,6,,,sample mass,approximately,,,3,Section 3.1; Fig. 3b,author_reported_text,,true
M-0068,S-F09-NCM7,SRC-0009,desorption,isothermal_kinetics,300 C,300,,,,200 s,200,6.4,,,sample mass,reported,,,11,Conclusion; Fig. 4b,author_reported_text,,true
M-0069,S-F09-NCM7,SRC-0009,desorption,isothermal_kinetics,300 C,300,,,,5 min,300,6.5,,,sample mass,reported,,,4,Section 3.2; Fig. 4b,author_reported_text,,true
M-0070,S-F09-NCM7,SRC-0009,desorption,isothermal_kinetics,250 C,250,,,,20 min,1200,5,,,sample mass,reported,,,1,Abstract; Fig. 4b,author_reported_text,,true
M-0071,S-F09-NCM7,SRC-0009,absorption,isothermal_kinetics,125 C,125,,,,10 min,600,5.5,,,sample mass,reported,,,1,Abstract; Fig. 4c,author_reported_text,,true
M-0072,S-F09-NCM7,SRC-0009,absorption,isothermal_kinetics,100 C,100,,,,20 min,1200,5.4,,,sample mass,approximately,,,4,Section 3.2; Fig. 4c,author_reported_text,,true
M-0073,S-F09-CTRL,SRC-0009,desorption,isothermal_kinetics,300 C,300,,,,30 min,1800,0.5,,,sample mass,reported,,,4,Section 3.2; Fig. 4d,author_reported_text,,true
M-0074,S-F09-CTRL,SRC-0009,absorption,isothermal_kinetics,150 C,150,,,,60 min,3600,0.6,,,sample mass,reported,,,4,Section 3.2; Fig. 4c,author_reported_text,,true
M-0075,S-F10-NIOVC7,SRC-0010,desorption,isothermal_kinetics,598 K,324.85,<0.0001 bar,0.0001,<,400 s,400,6.51,,,sample mass,reported,,,5,Section 3.2; Fig. 5a,author_reported_text,,true
M-0076,S-F10-NIOVC7,SRC-0010,desorption,isothermal_kinetics,573 K,299.85,<0.0001 bar,0.0001,<,400 s,400,6.37,,,sample mass,reported,,,5,Section 3.2; Fig. 5a,author_reported_text,,true
M-0077,S-F10-NIOVC7,SRC-0010,desorption,isothermal_kinetics,548 K,274.85,<0.0001 bar,0.0001,<,400 s,400,4.67,,,sample mass,reported,,,5,Section 3.2; Fig. 5a,author_reported_text,,true
M-0078,S-F10-CTRL,SRC-0010,desorption,isothermal_kinetics,598 K,324.85,<0.0001 bar,0.0001,<,400 s,400,0.42,,,sample mass,reported,,,5,Section 3.2; Fig. 5a,author_reported_text,,true
M-0079,S-F10-NIOVC7,SRC-0010,absorption,isothermal_kinetics,373 K,99.85,2.5 MPa,25,=,500 s,500,2.5,,,sample mass,reported,,,5,Section 3.2; Fig. 5c,author_reported_text,,true
M-0080,S-F10-NIOVC7,SRC-0010,absorption,isothermal_kinetics,423 K,149.85,2.5 MPa,25,=,500 s,500,4.81,,,sample mass,reported,,,5,Section 3.2; Fig. 5c,author_reported_text,,true
M-0081,S-F10-OVC7,SRC-0010,absorption,isothermal_kinetics,423 K,149.85,2.5 MPa,25,=,900 s,900,1.68,,,sample mass,reported,,,5,Section 3.2; Fig. 5d,author_reported_text,,true
M-0082,S-F10-NIC7,SRC-0010,absorption,isothermal_kinetics,423 K,149.85,2.5 MPa,25,=,900 s,900,4.21,,,sample mass,greater_than,,,5,Section 3.2; Fig. 5d,author_reported_text,Numeric field stores the stated threshold; qualifier preserves greater-than semantics.,false
M-0083,S-F10-NIOVC7,SRC-0010,desorption,isothermal_kinetics,598 K,324.85,<0.0001 bar,0.0001,<,300 s,300,6.5,,,sample mass,reported,,,5,Section 3.2; Fig. S2,author_reported_text,,true
M-0084,S-F10-NIC7,SRC-0010,desorption,isothermal_kinetics,598 K,324.85,<0.0001 bar,0.0001,<,300 s,300,6.47,,,sample mass,reported,,,5,Section 3.2; Fig. S2,author_reported_text,,true
M-0085,S-F10-OVC7,SRC-0010,desorption,isothermal_kinetics,598 K,324.85,<0.0001 bar,0.0001,<,300 s,300,5.32,,,sample mass,reported,,,5,Section 3.2; Fig. S2,author_reported_text,,true
M-0086,S-F10-CTRL,SRC-0010,desorption,isothermal_kinetics,598 K,324.85,<0.0001 bar,0.0001,<,300 s,300,0.23,,,sample mass,reported,,,5,Section 3.2; Fig. S2,author_reported_text,,true
M-0087,S-F11-BTO10,SRC-0011,absorption,isothermal_kinetics,200 C,200,3 MPa,30,=,30 min,1800,5.14,,,sample mass,reported,,,6,Section 3.3; Fig. 3d,author_reported_text,,true
M-0088,S-F11-TIO2,SRC-0011,absorption,isothermal_kinetics,200 C,200,3 MPa,30,=,30 min,1800,3.95,,,sample mass,reported,,,6,Section 3.3; Fig. 3d,author_reported_text,,true
M-0089,S-F11-BTO10,SRC-0011,desorption,isothermal_kinetics,290 C,290,,,,15 min,900,6.3,,,sample mass,reported,,,7,Section 3.3; Fig. 3e,author_reported_text,,true
M-0090,S-F11-CTRL,SRC-0011,desorption,isothermal_kinetics,350 C,350,,,,20 min,1200,1.63,,,sample mass,reported,,,7,Section 3.3; Fig. 3e,author_reported_text,,true
M-0091,S-F11-BTO10,SRC-0011,absorption,isothermal_kinetics,200 C,200,3 MPa,30,=,60 min,3600,5.29,,,sample mass,reported,,,7,Section 3.3; Fig. 3f,author_reported_text,,true
M-0092,S-F11-CTRL,SRC-0011,absorption,isothermal_kinetics,200 C,200,3 MPa,30,=,60 min,3600,1.66,,,sample mass,reported,,,7,Section 3.3; Fig. 3f,author_reported_text,,true
M-0093,S-F12-NINB73,SRC-0012,desorption,isothermal_kinetics,235 C,235,0.001 MPa,0.01,=,20 min,1200,5.15,,,sample mass,reported,,,5,Section 3.2; Fig. 3b,author_reported_text,,true
M-0094,S-F12-NINB91,SRC-0012,desorption,isothermal_kinetics,235 C,235,0.001 MPa,0.01,=,20 min,1200,4.44,,,sample mass,reported,,,5,Section 3.2; Fig. 3b,author_reported_text,,true
M-0095,S-F12-NINB73,SRC-0012,desorption,isothermal_kinetics,250 C,250,0.001 MPa,0.01,=,10 min,600,6.18,,,sample mass,reported,,,5,Section 3.2; Fig. 3c,author_reported_text,,true
M-0096,S-F12-NINB91,SRC-0012,desorption,isothermal_kinetics,250 C,250,0.001 MPa,0.01,=,10 min,600,4.72,,,sample mass,reported,,,5,Section 3.2; Fig. 3c,author_reported_text,,true
M-0097,S-F12-CTRL,SRC-0012,desorption,isothermal_kinetics,350 C,350,0.001 MPa,0.01,=,10 min,600,2.47,,,sample mass,reported,,,5,Section 3.2; Fig. 3c,author_reported_text,,true
M-0098,S-F12-NINB73,SRC-0012,absorption,isothermal_kinetics,75 C,75,3 MPa,30,=,30 min,1800,3.7,,,sample mass,approximately,,,6,Section 3.2; Fig. 4b,author_reported_text,Conclusion reports 3.86 wt%; the results-section value is retained and the conflicting summary is not added as another observation.,true
M-0099,S-F12-NINB73,SRC-0012,absorption,isothermal_kinetics,125 C,125,3 MPa,30,=,10 min,600,4.87,,,sample mass,reported,,,6,Section 3.2; Fig. 4d,author_reported_text,,true
M-0100,S-F12-NINB91,SRC-0012,absorption,isothermal_kinetics,125 C,125,3 MPa,30,=,10 min,600,4.65,,,sample mass,reported,,,6,Section 3.2; Fig. 4d,author_reported_text,,true
M-0101,S-F13-MN,SRC-0013,desorption,isothermal_kinetics,280 C,280,0.01 bar,0.01,=,5 min,300,6.03,,,sample mass,reported,,,5,Results; Fig. 2d,author_reported_text,,true
M-0102,S-F13-CU,SRC-0013,desorption,isothermal_kinetics,280 C,280,0.01 bar,0.01,=,5 min,300,6.14,,,sample mass,reported,,,5,Results; Fig. 2e,author_reported_text,,true
M-0103,S-F13-MN,SRC-0013,desorption,isothermal_kinetics,180 C,180,0.01 bar,0.01,=,60 min,3600,1.12,,,sample mass,reported,,,5,Results; Fig. 2d,author_reported_text,,true
M-0104,S-F13-CU,SRC-0013,desorption,isothermal_kinetics,180 C,180,0.01 bar,0.01,=,60 min,3600,0.89,,,sample mass,reported,,,5,Results; Fig. 2e,author_reported_text,,true
M-0105,S-F14-FENIS,SRC-0014,desorption,isothermal_kinetics,275 C,275,,,,20 min,1200,4.89,,,sample mass,reported,,,7,Section 3.2; Fig. 5a,author_reported_text,,true
M-0106,S-F14-FENI,SRC-0014,desorption,isothermal_kinetics,275 C,275,,,,20 min,1200,3.48,,,sample mass,reported,,,7,Section 3.2; Fig. 5b,author_reported_text,,true
M-0107,S-F14-FEOS,SRC-0014,desorption,isothermal_kinetics,275 C,275,,,,20 min,1200,0.3,,,sample mass,reported,,,7,Section 3.2; Fig. 5c,author_reported_text,,true
M-0108,S-F14-FENIS,SRC-0014,absorption,isothermal_kinetics,75 C,75,,,,60 min,3600,3.63,,,sample mass,reported,,,7,Section 3.2; Fig. 5f,author_reported_text,,true
M-0109,S-F14-FENI,SRC-0014,absorption,isothermal_kinetics,75 C,75,,,,60 min,3600,2.37,,,sample mass,reported,,,7,Section 3.2; Fig. 5f,author_reported_text,,true
M-0110,S-F14-FEOS,SRC-0014,absorption,isothermal_kinetics,75 C,75,,,,60 min,3600,1.03,,,sample mass,reported,,,7,Section 3.2; Fig. 5f,author_reported_text,,true
M-0111,S-F15-NICNT5,SRC-0015,absorption,isothermal_kinetics,423 K,149.85,5.0 MPa,50,=,200 s,200,5.2,,,sample mass,reported,,,8,Section 3.2; Fig. 7c,author_reported_text,,true
M-0112,S-F15-NICNT5,SRC-0015,desorption,isothermal_kinetics,573 K,299.85,reported as -0.0001 MPa in PDF text,,,1000 s,1000,3.75,,,sample mass,reported,,,8,Section 3.2; Fig. 7d,author_reported_text,The negative pressure string is retained verbatim; no normalized pressure was assigned because its physical/gauge meaning is unclear.,true
M-0113,S-EA-FENI2S4,SRC-0016,absorption,isothermal_kinetics,473 K,199.85,3.0 MPa,30,=,1 h,3600,5.8,,,sample mass,reported,,,5,Section 3.3; Fig. 3a,author_reported_text,,true
M-0114,S-EA-FENI2S4,SRC-0016,absorption,isothermal_kinetics,473 K,199.85,3.0 MPa,30,=,60 s,60,4.7,,,sample mass,reported,,,5,Section 3.3; Fig. 3c,author_reported_text,,true
M-0115,S-EA-FENI2S4,SRC-0016,absorption,isothermal_kinetics,373 K,99.85,3.0 MPa,30,=,1 h,3600,4.02,,,sample mass,reported,,,5,Section 3.3; Fig. 3d,author_reported_text,,true
M-0116,S-EA-CTRL,SRC-0016,absorption,isothermal_kinetics,473 K,199.85,3.0 MPa,30,=,1 h,3600,1.89,,,sample mass,reported,,,5,Section 3.3; Fig. 3a,author_reported_text,,true
M-0117,S-EA-CTRL,SRC-0016,absorption,isothermal_kinetics,373 K,99.85,3.0 MPa,30,=,1 h,3600,0.67,,,sample mass,reported,,,5,Section 3.3; Fig. 3d,author_reported_text,,true
M-0118,S-EA-FENI2S4,SRC-0016,absorption,isothermal_kinetics,573 K,299.85,3.0 MPa,30,=,1 h,3600,6.09,,,sample mass,reported,,,10,Conclusion,author_reported_text,,true
M-0119,S-EA-FENI2S4,SRC-0016,desorption,isothermal_kinetics,573 K,299.85,,,,1 h,3600,1.92,,,sample mass,reported,,,5,Section 3.3; Fig. 4b,author_reported_text,,true
M-0120,S-EB-UNDOPED,SRC-0017,absorption,isothermal_kinetics,320 C,320,33 bar,33,=,30 min,1800,4.1,,,sample mass,reported,,,5,Section 3.2; Fig. 5b,author_reported_text,Extended reactive-hydride system.,false
M-0121,S-EB-COTIO3,SRC-0017,absorption,isothermal_kinetics,320 C,320,33 bar,33,=,30 min,1800,5.2,,,sample mass,reported,,,5,Section 3.2; Fig. 5b,author_reported_text,Extended reactive-hydride system.,false
M-0122,S-EB-UNDOPED,SRC-0017,desorption,isothermal_kinetics,320 C,320,1 bar,1,=,60 min,3600,2.3,,,sample mass,reported,,,11,Conclusion; Fig. 5a,author_reported_text,Extended reactive-hydride system.,false
M-0123,S-EB-COTIO3,SRC-0017,desorption,isothermal_kinetics,320 C,320,1 bar,1,=,60 min,3600,2.7,,,sample mass,reported,,,11,Conclusion; Fig. 5a,author_reported_text,Extended reactive-hydride system.,false
M-0124,S-EC-RHC,SRC-0018,absorption,isothermal_sorption,350 C,350,130 bar,130,=,12 h,43200,,6,7,sample mass,range,,,4,Results; Fig. 1,author_reported_text,Author reports about 6-7 wt%; no midpoint was invented. Extended system and non-scalar target are excluded from default training.,false
